{
  "project_info": {
    "project_number": "915249013702",
    "firebase_url": "https://iwitcher-63a9a.firebaseio.com",
    "project_id": "iwitcher-63a9a",
    "storage_bucket": "iwitcher-63a9a.appspot.com"
  },
  "client": [
    {
      "client_info": {
        "mobilesdk_app_id": "1:915249013702:android:c1bc58eb405993f8",
        "android_client_info": {
          "package_name": "prin366_2018.client"
        }
      },
      "oauth_client": [
        {
          "client_id": "915249013702-4rft6706ooun43voocd7566vp3e88mi0.apps.googleusercontent.com",
          "client_type": 3
        }
      ],
      "api_key": [
        {
          "current_key": "AIzaSyCMIG1OjznIvnix0STrQqtLxMvUZvXDFb0"
        }
      ],
      "services": {
        "analytics_service": {
          "status": 1
        },
        "appinvite_service": {
          "status": 1,
          "other_platform_oauth_client": []
        },
        "ads_service": {
          "status": 2
        }
      }
    }
  ],
  "configuration_version": "1"
}